0.0010838933448948623	4.8320850446967865E-4	5.209690023443605E-4	2.981514609421586E-4	3.15955766192733E-4	3.33555703802535E-4	3.819709702062643E-4	4.610419548178884E-4	4.610419548178884E-4	4.610419548178884E-4
0.004769130717537394	0.003865668035757429	0.003907267517582704	0.0035778175313059034	0.0037914691943127963	0.004002668445630421	0.004201680672268907	0.004610419548178884	0.004610419548178884	0.004610419548178884
0.011706048124864513	0.01038898284609809	0.01041938004688721	0.010435301132975552	0.010742496050552922	0.01067378252168112	0.011077158135981665	0.0119870908252651	0.0119870908252651	0.0119870908252651
0.021244309559939303	0.02077796569219618	0.02005730659025788	0.01997614788312463	0.020537124802527645	0.021014009339559707	0.022536287242169595	0.024896265560165973	0.024896265560165973	0.024896265560165973
0.03273357901582484	0.03285817830393815	0.03177910914300599	0.03220035778175313	0.032859399684044235	0.03402268178785857	0.03628724216959511	0.04057169202397418	0.04057169202397418	0.04057169202397418
0.042705397788857576	0.04348876540227108	0.04245897369106538	0.043530113297555156	0.04454976303317536	0.046364242828552366	0.0481283422459893	0.054402950668510835	0.054402950668510835	0.054402950668510835
0.05571211792759592	0.05750181203189176	0.056785621255535296	0.05933214072748957	0.060979462875197475	0.06370913942628419	0.06722689075630252	0.07514983863531581	0.07514983863531581	0.07514983863531581
0.07001951008020811	0.07344769267939116	0.07293566032821047	0.0763267740011926	0.07772511848341232	0.08105403602401601	0.08441558441558442	0.09313047487321346	0.09313047487321346	0.09313047487321346
0.08367656622588338	0.08770234356124668	0.08726230789268039	0.0915324985092427	0.09352290679304898	0.09773182121414276	0.1027501909854851	0.11295527893038267	0.11295527893038267	0.11295527893038267
0.09950140906134837	0.10485624546992027	0.10523573847356082	0.11031604054859868	0.11248025276461296	0.11741160773849232	0.12375859434682965	0.13646841862609496	0.13646841862609496	0.13646841862609496
0.11510947322783438	0.12056052186518483	0.12060432404271945	0.1261180679785331	0.12859399684044234	0.13375583722481654	0.14056531703590527	0.15444905486399263	0.15444905486399263	0.15444905486399263
0.1292000867114676	0.13481517274704036	0.134410002604845	0.14102564102564102	0.14407582938388624	0.15010006671114076	0.15813598166539344	0.1715076071922545	0.1715076071922545	0.1715076071922545
0.14632560156080643	0.1529354916646533	0.15264391768689764	0.15831842576028624	0.1617693522906793	0.16844563042028018	0.1779984721161192	0.19225449515905949	0.19225449515905949	0.19225449515905949
0.16128332972035553	0.16839816380768302	0.16775201875488407	0.17322599880739414	0.17756714060031595	0.1847898599066044	0.1959511077158136	0.210696173351775	0.210696173351775	0.210696173351775
0.17515716453500976	0.18241121043730368	0.18233915082052618	0.18902802623732856	0.19304897314375988	0.20113408939292862	0.21352177234530176	0.22913785154449054	0.22913785154449054	0.22913785154449054
0.19076522870149576	0.19787388258033342	0.197968220890857	0.20333929636255219	0.20821484992101105	0.21681120747164775	0.23109243697478993	0.24619640387275243	0.24619640387275243	0.24619640387275243
0.2055061781920659	0.21309495047112828	0.21307632195884346	0.21765056648777578	0.22180094786729856	0.23082054703135424	0.24560733384262795	0.2595666205624712	0.2595666205624712	0.2595666205624712
0.22176457836548882	0.23000724812756704	0.229747330033863	0.2328562909958259	0.2372827804107425	0.24683122081387593	0.2631779984721161	0.2784693407100046	0.2784693407100046	0.2784693407100046
0.23347062649035336	0.24160425223483933	0.2412086480854389	0.24358974358974358	0.2486571879936809	0.25850567044696465	0.2765469824293354	0.2923005993545413	0.2923005993545413	0.2923005993545413
0.2471276826360286	0.25513409035999035	0.25553529564990884	0.2579010137149672	0.2631911532385466	0.2738492328218812	0.2929717341482047	0.30889810972798526	0.30889810972798526	0.30889810972798526
0.2603511814437459	0.26890553273737616	0.27012242771555095	0.2716159809183065	0.2774091627172196	0.2885256837891928	0.3097784568372804	0.3273397879207008	0.3273397879207008	0.3273397879207008
0.2716236722306525	0.2800193283401788	0.281844230268299	0.2844364937388193	0.2900473933649289	0.3018679119412942	0.3235294117647059	0.34163208852005533	0.34163208852005533	0.34163208852005533
0.2865814003902016	0.2942739792220343	0.2953894243292524	0.2975551580202743	0.3036334913112164	0.31554369579719815	0.3384262796027502	0.35730751498386354	0.35730751498386354	0.35730751498386354
0.3039236939085194	0.31118627687847306	0.31101849439958323	0.31305903398926654	0.31911532385466035	0.3312208138759173	0.3559969442322384	0.37621023513139695	0.37621023513139695	0.37621023513139695
0.3197485367439844	0.3276153660304421	0.32794998697577493	0.3300536672629696	0.3368088467614534	0.34989993328885927	0.37662337662337664	0.3974181650530198	0.3974181650530198	0.3974181650530198
0.3336223715586386	0.3423532254167673	0.3433185725449336	0.3449612403100775	0.35197472353870457	0.3659106070713809	0.3938120702826585	0.4158598432457354	0.4158598432457354	0.4158598432457354
0.34597875569044007	0.35467504228074415	0.35556134410002604	0.357185450208706	0.3642969984202212	0.37858572381587724	0.4067990832696715	0.4292300599354541	0.4292300599354541	0.4292300599354541
0.3576848038153046	0.3667552548924861	0.3680646001562907	0.3694096601073345	0.3753554502369668	0.38992661774516346	0.4186401833460657	0.44306131857999076	0.44306131857999076	0.44306131857999076
0.3670062865814004	0.37666102923411454	0.37822349570200575	0.37954680977936794	0.3854660347551343	0.39959973315543695	0.42895339954163486	0.4532042415859843	0.4532042415859843	0.4532042415859843
0.37914589204422283	0.3899492631070307	0.3917686897629591	0.39296362552176506	0.3990521327014218	0.41294196130753835	0.4430863254392666	0.46749654218533887	0.46749654218533887	0.46749654218533887
0.393886841534793	0.4049287267455907	0.4079187288356343	0.41055456171735244	0.4164296998420221	0.4306204136090727	0.46180290297937354	0.4896265560165975	0.4896265560165975	0.4896265560165975
0.40320832430088877	0.41435129258274944	0.4178171398801771	0.4200954084675015	0.4265402843601896	0.4409606404269513	0.47288006111535524	0.5002305209774089	0.5002305209774089	0.5002305209774089
0.41231302839800565	0.42353225416767337	0.4274550664235478	0.43023255813953487	0.4372827804107425	0.45196797865243493	0.4847211611917494	0.5126786537574919	0.5126786537574919	0.5126786537574919
0.4220680685020594	0.43271321575259725	0.43631153946340195	0.43917710196779963	0.44644549763033176	0.4613075383589059	0.4950343773873186	0.5218994928538497	0.5218994928538497	0.5218994928538497
0.4346412313028398	0.4455182411210437	0.44803334201615	0.4502087060226595	0.45781990521327015	0.47264843228819214	0.5072574484339191	0.5334255417242969	0.5334255417242969	0.5334255417242969
0.4433123780619987	0.4544575984537328	0.45715029955717634	0.4588550983899821	0.4666666666666667	0.4816544362908606	0.5164247517188694	0.5431074227754725	0.5431074227754725	0.5431074227754725
0.4513331888142207	0.46243053877748247	0.4649648345923418	0.46720333929636254	0.47519747235387044	0.490660440293529	0.525974025974026	0.5532503457814661	0.5532503457814661	0.5532503457814661
0.46173856492521137	0.4730611258758154	0.47564469914040114	0.47793679189028027	0.48625592417061614	0.5016677785190127	0.5378151260504201	0.5652374366067312	0.5652374366067312	0.5652374366067312
0.46975937567743337	0.4807924619473303	0.4834592341755666	0.48509242695289206	0.493522906793049	0.5086724482988659	0.5454545454545454	0.5730751498386353	0.5730751498386353	0.5730751498386353
0.4753956210708866	0.4865909640009664	0.4894503777025267	0.49105545617173524	0.49984202211690365	0.5153435623749166	0.551948051948052	0.5804518211157216	0.5804518211157216	0.5804518211157216
0.4849338825059614	0.49649673834259483	0.5001302422505861	0.5023852116875372	0.511216429699842	0.5266844563042028	0.5637891520244461	0.5933609958506224	0.5933609958506224	0.5933609958506224
0.4918707999132885	0.5032616574051704	0.5069028392810627	0.5089445438282647	0.5181674565560821	0.5340226817878586	0.5718105423987777	0.6021207929921623	0.6021207929921623	0.6021207929921623
0.49902449598959464	0.5100265764677459	0.5131544673091951	0.5161001788908766	0.525434439178515	0.5413609072715143	0.5790679908326967	0.6090364223144306	0.6090364223144306	0.6090364223144306
0.5061781920659008	0.5175163082870259	0.5207085178431883	0.5241502683363148	0.5330173775671406	0.548032021347565	0.5863254392666157	0.615952051636699	0.615952051636699	0.615952051636699
0.5131151094732278	0.5237980188451317	0.5266996613701485	0.5298151460942159	0.5390205371248026	0.5537024683122082	0.5916730328495035	0.6210235131396957	0.6210235131396957	0.6210235131396957
0.5207023628874918	0.5298381251510027	0.5324303203959364	0.535778175313059	0.5453396524486572	0.5600400266844563	0.5985485103132162	0.6274781005071461	0.6274781005071461	0.6274781005071461
0.5241708215911555	0.5332205846822904	0.5358166189111748	0.539355992844365	0.54913112164297	0.5633755837224816	0.6016042780748663	0.6302443522360535	0.6302443522360535	0.6302443522360535
0.5311077389984825	0.5404687122493356	0.543370669445168	0.5477042337507454	0.5576619273301737	0.571714476317545	0.6103896103896104	0.6390041493775933	0.6390041493775933	0.6390041493775933
0.5376110990678518	0.5460256100507369	0.5491013284709559	0.5530709600477043	0.563349131121643	0.5763842561707805	0.6153552330022918	0.6440756108805902	0.6440756108805902	0.6440756108805902
0.5443312378061999	0.5530321333655472	0.5558739255014327	0.5599284436493739	0.5703001579778831	0.5827218145430287	0.6203208556149733	0.6496081143384048	0.6496081143384048	0.6496081143384048
0.5504010405376111	0.5590722396714182	0.5616045845272206	0.5649970184853905	0.5753554502369668	0.5873915943962642	0.6256684491978609	0.65283540802213	0.65283540802213	0.65283540802213
0.5543030565792326	0.5629379077071757	0.5655118520448034	0.569469290399523	0.5794628751974723	0.5910607071380921	0.6294881588999236	0.656984785615491	0.656984785615491	0.656984785615491
0.5597225233037069	0.5682532012563422	0.5709820265694191	0.5748360166964818	0.584518167456556	0.5960640426951301	0.6348357524828113	0.6634393729829414	0.6634393729829414	0.6634393729829414
0.5647084326902233	0.5735684948055085	0.5761917165928627	0.5796064400715564	0.5892575039494471	0.6007338225483656	0.6394194041252865	0.6680497925311203	0.6680497925311203	0.6680497925311203
0.5703446780836766	0.5796086011113796	0.582443344620995	0.5867620751341681	0.5962085308056873	0.6074049366244163	0.6462948815889993	0.6749654218533887	0.6749654218533887	0.6749654218533887
0.5764144808150878	0.5854071031650157	0.5876530346444386	0.5927251043530113	0.6015797788309637	0.6130753835890593	0.6524064171122995	0.6814200092208391	0.6814200092208391	0.6814200092208391
0.5811836115326252	0.5904807924619473	0.5928627246678823	0.5986881335718545	0.6072669826224328	0.619079386257505	0.6581359816653934	0.6874135546334716	0.6874135546334716	0.6874135546334716
0.5844352915673098	0.5938632519932351	0.5965095076842928	0.6022659511031604	0.6110584518167457	0.6230820547031354	0.661955691367456	0.6911018902720147	0.6911018902720147	0.6911018902720147
0.5913722089746369	0.6011113795602803	0.6040635582182861	0.6100178890876565	0.6180094786729858	0.6290860573715811	0.6688311688311688	0.6989396035039188	0.6989396035039188	0.6989396035039188
0.5950574463472794	0.6049770475960377	0.6082313102370409	0.614788312462731	0.6227488151658768	0.633422281521014	0.6730328495034378	0.7030889810972798	0.7030889810972798	0.7030889810972798
0.6013440277476696	0.6110171539019087	0.6144829382651732	0.6213476446034586	0.6296998420221169	0.6390927284856571	0.6795263559969442	0.7090825265099124	0.7090825265099124	0.7090825265099124
0.6082809451549968	0.6177820729644842	0.6207345662933056	0.627906976744186	0.636650868878357	0.6460973982655104	0.686401833460657	0.7155371138773629	0.7155371138773629	0.7155371138773629
0.614350747886408	0.62406378352259	0.6272466788226101	0.6347644603458557	0.6429699842022117	0.6527685123415611	0.6940412528647822	0.7233748271092669	0.7233748271092669	0.7233748271092669
0.6208541079557771	0.6296206813239913	0.6324563688460536	0.6401311866428145	0.6480252764612954	0.6574382921947965	0.6986249045072574	0.7284462886122637	0.7284462886122637	0.7284462886122637
0.6249729026663776	0.6334863493597487	0.6363636363636364	0.6437090041741205	0.6518167456556082	0.6611074049366245	0.7024446142093201	0.7316735822959889	0.7316735822959889	0.7316735822959889
0.630392369390852	0.63904324716115	0.6423547798905965	0.6493738819320215	0.6578199052132702	0.6674449633088726	0.7085561497326203	0.7362840018441679	0.7362840018441679	0.7362840018441679
0.6362453934532842	0.6450833534670211	0.6483459234175567	0.6562313655336911	0.665086887835703	0.6747831887925283	0.7161955691367456	0.7436606731212541	0.7436606731212541	0.7436606731212541
0.6412313028398006	0.649673834259483	0.6532951289398281	0.6612999403697079	0.6704581358609795	0.6797865243495663	0.7207792207792207	0.7482710926694329	0.7482710926694329	0.7482710926694329
0.6460004335573379	0.6542643150519449	0.6582443344620995	0.6657722122838402	0.674565560821485	0.6837891927951968	0.7249809014514896	0.7524204702627939	0.7524204702627939	0.7524204702627939
0.6512031216128333	0.660062817105581	0.6644959624902318	0.6717352415026834	0.680568720379147	0.6897931954636425	0.7314744079449962	0.7574919317657907	0.7574919317657907	0.7574919317657907
0.6572729243442446	0.6665861319159218	0.6712685595207085	0.6782945736434108	0.6868878357030016	0.6964643095396932	0.7375859434682964	0.7639465191332411	0.7639465191332411	0.7639465191332411
0.6620420550617819	0.6711766127083837	0.6762177650429799	0.6827668455575432	0.6916271721958925	0.7011340893929286	0.7417876241405653	0.7676348547717843	0.7676348547717843	0.7676348547717843
0.66876219380013	0.6784247402754289	0.6837718155769732	0.6902206320810972	0.6985781990521327	0.7084723148765844	0.7490450725744844	0.7759336099585062	0.7759336099585062	0.7759336099585062
0.6717970951658356	0.6815655955544817	0.6871581140922115	0.6937984496124031	0.7020537124802527	0.7118078719146097	0.7517188693659282	0.7791609036422315	0.7791609036422315	0.7791609036422315
0.6778668978972469	0.6876057018603527	0.6928887731179995	0.6988670244484197	0.7064770932069511	0.7161440960640427	0.7563025210084033	0.7823881973259567	0.7823881973259567	0.7823881973259567
0.6828528072837633	0.6919545784005798	0.6975774941390988	0.7027429934406678	0.7105845181674566	0.7201467645096731	0.7593582887700535	0.785154449054864	0.785154449054864	0.785154449054864
0.6878387166702796	0.6970282676975115	0.7025266996613702	0.706917113893858	0.7146919431279621	0.7241494329553035	0.7631779984721161	0.7897648686030428	0.7897648686030428	0.7897648686030428
0.6910903967049642	0.7006523314810341	0.7059129981766085	0.7098986285032797	0.7178515007898895	0.7274849899933289	0.7654698242933538	0.7920700783771323	0.7920700783771323	0.7920700783771323
0.6962930847604596	0.7059676250302005	0.7113831727012243	0.7155635062611807	0.7232227488151659	0.7328218812541695	0.7704354469060352	0.7962194559704933	0.7962194559704933	0.7962194559704933
0.6997615434641231	0.7093500845614883	0.7150299557176348	0.7194394752534288	0.7270142180094786	0.7361574382921948	0.7738731856378915	0.7994467496542186	0.7994467496542186	0.7994467496542186
0.7017125514849338	0.7110413143271321	0.71685334722584	0.7215265354800239	0.7292259083728279	0.7384923282188125	0.7761650114591291	0.8003688335638544	0.8003688335638544	0.8003688335638544
0.7060481248645133	0.7153901908673592	0.7207606147434228	0.7251043530113298	0.7330173775671406	0.7418278852568378	0.7796027501909855	0.8035961272475796	0.8035961272475796	0.8035961272475796
0.70886624756124	0.7178062333897076	0.7228444907528002	0.727489564698867	0.7355450236966825	0.7441627751834556	0.7815126050420168	0.8054402950668511	0.8054402950668511	0.8054402950668511
0.7106004769130717	0.7197390674075864	0.7246678822610054	0.7295766249254622	0.7377567140600316	0.7464976651100734	0.7834224598930482	0.8068234209313048	0.8068234209313048	0.8068234209313048
0.7153696076306092	0.7238463396955787	0.7288356342797604	0.7331544424567681	0.7415481832543444	0.7498332221480988	0.7868601986249045	0.8095896726602121	0.8095896726602121	0.8095896726602121
0.7177541729893778	0.7260207779656922	0.7311799947903099	0.7352415026833632	0.7434439178515008	0.7515010006671115	0.787624140565317	0.81005071461503	0.81005071461503	0.81005071461503
0.7214394103620204	0.7298864460014496	0.7350872623078927	0.7394156231365534	0.7472353870458136	0.7551701134089392	0.7910618792971734	0.8132780082987552	0.8132780082987552	0.8132780082987552
0.7249078690656839	0.7337521140372071	0.7389945298254754	0.7429934406678592	0.7510268562401263	0.7585056704469646	0.7937356760886173	0.8155832180728446	0.8155832180728446	0.8155832180728446
0.7266420984175157	0.7349601352983812	0.739775983328992	0.7435897435897436	0.7516587677725118	0.7588392261507672	0.7937356760886173	0.8155832180728446	0.8155832180728446	0.8155832180728446
0.7294602211142424	0.7378593863251993	0.7429017973430581	0.746273106738223	0.7545023696682465	0.7611741160773849	0.7956455309396486	0.8174273858921162	0.8174273858921162	0.8174273858921162
0.731628007804032	0.7402754288475477	0.7452461578536077	0.7489564698867024	0.7573459715639811	0.7638425617078052	0.7979373567608862	0.8201936376210235	0.8201936376210235	0.8201936376210235
0.7363971385215695	0.7448659096400096	0.7501953633758791	0.7534287418008349	0.762085308056872	0.7685123415610406	0.8017570664629489	0.8243430152143845	0.8243430152143845	0.8243430152143845
0.7405159332321699	0.7492147861802367	0.7546235998958062	0.7576028622540251	0.7661927330173776	0.7721814543028686	0.8044308632543926	0.8271092669432918	0.8271092669432918	0.8271092669432918
0.7444179492737915	0.7525972457115245	0.7577494139098724	0.7608825283243887	0.7696682464454976	0.7755170113408939	0.8074866310160428	0.8298755186721992	0.8298755186721992	0.8298755186721992
0.7481031866464339	0.7564629137472819	0.761656681427455	0.7650566487775791	0.7740916271721959	0.7795196797865244	0.8105423987776929	0.8331028123559244	0.8331028123559244	0.8331028123559244
0.7509213093431606	0.7593621647741	0.764522010940349	0.7683363148479427	0.7772511848341233	0.7828552368245497	0.8128342245989305	0.8354080221300139	0.8354080221300139	0.8354080221300139
0.7539562107088662	0.7622614158009181	0.7668663714508986	0.7704233750745378	0.7794628751974724	0.7851901267511674	0.8143621084797555	0.8372521899492854	0.8372521899492854	0.8372521899492854
0.7574246694125298	0.7658854795844406	0.7705131544673092	0.7742993440667859	0.7832543443917851	0.7885256837891927	0.8181818181818182	0.8395573997233748	0.8395573997233748	0.8395573997233748
0.7600260134402774	0.7685431263590239	0.773117999479031	0.7766845557543232	0.785781990521327	0.7908605737158105	0.8197097020626433	0.8414015675426464	0.8414015675426464	0.8414015675426464
0.7628441361370041	0.7709591688813723	0.7752018754884085	0.7790697674418605	0.7883096366508688	0.7935290193462308	0.8216195569136746	0.8437067773167358	0.8437067773167358	0.8437067773167358
0.7663125948406677	0.7743416284126601	0.7783276895024746	0.7817531305903399	0.7908372827804108	0.7961974649766511	0.8242933537051184	0.8460119870908253	0.8460119870908253	0.8460119870908253
0.7693474962063733	0.7772408794394782	0.7814535035165407	0.7850327966607037	0.7939968404423381	0.7995330220146765	0.8269671504965622	0.8483171968649147	0.8483171968649147	0.8483171968649147
0.7728159549100369	0.7801401304662962	0.7840583485282626	0.7874180083482409	0.7962085308056872	0.8018679119412941	0.8288770053475936	0.8497003227293684	0.8497003227293684	0.8497003227293684
0.7760676349447214	0.783522589997584	0.7874446470435009	0.7903995229576625	0.7993680884676145	0.8045363575717145	0.8304048892284186	0.851083448593822	0.851083448593822	0.851083448593822
0.7786689789724691	0.7859386325199323	0.7900494920552227	0.793082886106142	0.8022116903633492	0.8075383589059373	0.8326967150496563	0.8533886583679114	0.8533886583679114	0.8533886583679114
0.7825709950140907	0.7898043005556897	0.7936962750716332	0.7963625521765056	0.8056872037914692	0.8105403602401601	0.8353705118411001	0.8556938681420009	0.8556938681420009	0.8556938681420009
0.7864730110557121	0.7934283643392124	0.7973430580880437	0.7999403697078116	0.809478672985782	0.8145430286857905	0.8399541634835752	0.859843245735362	0.859843245735362	0.859843245735362
0.787556904400607	0.7943947813481518	0.7983849960927325	0.8011329755515803	0.8107424960505529	0.8155436957971981	0.8407181054239877	0.859843245735362	0.859843245735362	0.859843245735362
0.7892911337524388	0.7960860111137956	0.7996874185985934	0.802623732856291	0.8123222748815165	0.8172114743162108	0.8426279602750191	0.8616874135546335	0.8616874135546335	0.8616874135546335
0.7921092564491654	0.798502053636144	0.8022922636103151	0.8053070960047705	0.8151658767772512	0.8202134756504337	0.8449197860962567	0.8626094974642693	0.8626094974642693	0.8626094974642693
0.7934099284630393	0.799951679149553	0.8038551706173482	0.8070960047704234	0.8170616113744076	0.8222148098732488	0.846829640947288	0.863992623328723	0.863992623328723	0.863992623328723
0.7957944938218079	0.8023677216719014	0.8059390466267257	0.8085867620751341	0.8183254344391785	0.823549032688459	0.8475935828877005	0.8649147072383587	0.8649147072383587	0.8649147072383587
0.7992629525254715	0.8055085769509543	0.8090648606407919	0.8106738223017292	0.8205371248025276	0.8255503669112741	0.8483575248281131	0.8658367911479945	0.8658367911479945	0.8658367911479945
0.8012139605462822	0.807441410968833	0.810627767647825	0.8124627310673822	0.8221169036334913	0.8268845897264844	0.8491214667685256	0.8662978331028124	0.8662978331028124	0.8662978331028124
0.803164968567093	0.8086494322300073	0.8116697056525137	0.8136553369111509	0.8233807266982622	0.8282188125416945	0.8502673796791443	0.8672199170124482	0.8672199170124482	0.8672199170124482
0.8057663125948407	0.8110654747523557	0.8137535816618912	0.815742397137746	0.8255924170616113	0.8302201467645097	0.852559205500382	0.8699861687413555	0.8699861687413555	0.8699861687413555
0.8088012139605463	0.8139647257791737	0.8160979421724407	0.817531305903399	0.8274881516587678	0.8322214809873248	0.8548510313216195	0.8722913785154449	0.8722913785154449	0.8722913785154449
0.810535443312378	0.8156559555448176	0.817921333680646	0.8190220632081098	0.8290679304897315	0.8335557038025351	0.8559969442322384	0.8732134624250807	0.8732134624250807	0.8732134624250807
0.8120528939952308	0.8166223725537569	0.8189632716853347	0.8202146690518783	0.8300157977883096	0.8345563709139426	0.8571428571428571	0.8732134624250807	0.8732134624250807	0.8732134624250807
0.8137871233470626	0.818071998067166	0.8202656941911957	0.8217054263565892	0.8315955766192733	0.8362241494329553	0.8582887700534759	0.8745965882895343	0.8745965882895343	0.8745965882895343
0.8174723607197052	0.8214544575984537	0.8233915082052617	0.8252832438878951	0.8353870458135861	0.8398932621747832	0.8609625668449198	0.8773628400184417	0.8773628400184417	0.8773628400184417
0.8198569260784738	0.8236288958685672	0.8254753842146392	0.827072152653548	0.8372827804107424	0.8418945963975984	0.8624904507257448	0.8787459658828953	0.8787459658828953	0.8787459658828953
0.8226750487752005	0.8262865426431505	0.828080229226361	0.8300536672629696	0.8404423380726699	0.8448965977318212	0.865546218487395	0.8815122176118027	0.8815122176118027	0.8815122176118027
0.8244092781270324	0.8277361681565596	0.8293826517322219	0.8315444245676804	0.8420221169036335	0.8462308205470314	0.8663101604278075	0.8819732595666205	0.8819732595666205	0.8819732595666205
0.8270106221547799	0.8303938149311428	0.8317270122427716	0.8336314847942755	0.8442338072669826	0.8482321547698466	0.868601986249045	0.88427846934071	0.88427846934071	0.88427846934071
0.8296119661825276	0.833051461705726	0.8343318572544933	0.836612999403697	0.8473933649289099	0.8515677118078719	0.8697478991596639	0.8856615952051636	0.8856615952051636	0.8856615952051636
0.8313461955343594	0.8347426914713699	0.8361552487626986	0.8381037567084079	0.8489731437598736	0.8532354903268846	0.8701298701298701	0.8856615952051636	0.8856615952051636	0.8856615952051636
0.8328636462172122	0.8359507127325441	0.8371971867673873	0.8392963625521765	0.8502369668246446	0.8545697131420947	0.8712757830404889	0.8870447210696173	0.8870447210696173	0.8870447210696173
0.8354649902449599	0.8378835467504228	0.8392810627767647	0.8413834227787717	0.8524486571879937	0.85657104736491	0.8724216959511077	0.8875057630244352	0.8875057630244352	0.8875057630244352
0.8376327769347496	0.8398163807683016	0.8413649387861423	0.8431723315444246	0.8537124802527646	0.8579052701801201	0.8735676088617265	0.8879668049792531	0.8879668049792531	0.8879668049792531
0.8400173422935183	0.8419908190384151	0.8431883302943475	0.8449612403100775	0.855608214849921	0.8599066044029353	0.8754774637127578	0.8898109727985246	0.8898109727985246	0.8898109727985246
0.8415347929763711	0.843682048804059	0.8450117218025528	0.8470483005366727	0.8575039494470774	0.8619079386257505	0.8770053475935828	0.8911940986629784	0.8911940986629784	0.8911940986629784
0.8432690223282029	0.8453732785697028	0.8465746288095858	0.8488372093023255	0.859083728278041	0.8635757171447632	0.878533231474408	0.8921161825726142	0.8921161825726142	0.8921161825726142
0.8450032516800347	0.846581299830877	0.8478770513154468	0.8503279666070364	0.860347551342812	0.8645763842561708	0.8796791443850267	0.8934993084370678	0.8934993084370678	0.8934993084370678
0.8478213743767613	0.84972215510993	0.8507423808283407	0.8536076326774001	0.8635071090047394	0.8675783855903936	0.8823529411764706	0.8953434762563394	0.8953434762563394	0.8953434762563394
0.8493388250596141	0.8514133848755738	0.8523052878353738	0.855098389982111	0.865086887835703	0.8692461641094062	0.8842627960275019	0.896726602120793	0.896726602120793	0.896726602120793
0.8510730544114459	0.852621406136748	0.8536077103412347	0.8562909958258795	0.8663507109004739	0.8699132755170114	0.8846447669977082	0.8971876440756109	0.8971876440756109	0.8971876440756109
0.8521569477563408	0.8535878231456874	0.8546496483459234	0.8574836016696482	0.8676145339652449	0.8712474983322215	0.8861726508785333	0.8981097279852467	0.8981097279852467	0.8981097279852467
0.8549750704530674	0.8562454699202706	0.8575149778588174	0.8601669648181276	0.8704581358609794	0.8732488325550367	0.8877005347593583	0.8994928538497003	0.8994928538497003	0.8994928538497003
0.8573596358118362	0.8584199081903842	0.859859338369367	0.862850327966607	0.8729857819905213	0.875250166777852	0.8892284186401833	0.900875979714154	0.900875979714154	0.900875979714154
0.8599609798395838	0.8613191592172023	0.862724667882261	0.8655336911150865	0.8755134281200632	0.8779186124082722	0.891520244461421	0.9027201475334256	0.9027201475334256	0.9027201475334256
0.8608280945154997	0.8622855762261415	0.8635061213857775	0.8664281454979129	0.8764612954186414	0.8789192795196797	0.8922841864018335	0.9036422314430613	0.9036422314430613	0.9036422314430613
0.8636462172122263	0.8651848272529596	0.8658504818963272	0.8691115086463924	0.879304897314376	0.8819212808539026	0.8953399541634836	0.9068695251267865	0.9068695251267865	0.9068695251267865
0.8651636678950791	0.8668760570186035	0.8676738734045324	0.8706022659511031	0.8808846761453396	0.8829219479653102	0.8961038961038961	0.9077916090364223	0.9077916090364223	0.9077916090364223
0.8675482332538478	0.8692920995409519	0.870018233915082	0.8732856290995826	0.8830963665086888	0.885256837891928	0.8983957219251337	0.909174734900876	0.909174734900876	0.909174734900876
0.8697160199436376	0.8717081420633003	0.8726230789268039	0.8762671437090042	0.8856240126382307	0.8872581721147431	0.8999236058059588	0.9100968188105117	0.9100968188105117	0.9100968188105117
0.8703663559505744	0.87219135056777	0.8731440479291482	0.8768634466308884	0.8862559241706162	0.8879252835223482	0.900305576776165	0.9105578607653296	0.9105578607653296	0.9105578607653296
0.8714502492954693	0.8731577675767094	0.8741859859338369	0.8780560524746571	0.8875197472353871	0.8892595063375583	0.9018334606569901	0.9114799446749654	0.9114799446749654	0.9114799446749654
0.87340125731628	0.8748489973423532	0.8760093774420422	0.8801431127012522	0.8894154818325435	0.890260173448966	0.9029793735676088	0.9124020285846012	0.9124020285846012	0.9124020285846012
0.8747019293301539	0.8762986228557622	0.8775722844490753	0.8819320214669052	0.8913112164296998	0.8919279519679787	0.9041252864782277	0.9137851544490548	0.9137851544490548	0.9137851544490548
0.8760026013440277	0.8777482483691713	0.8791351914561084	0.8837209302325582	0.8928909952606635	0.8932621747831888	0.9052711993888465	0.9151682803135085	0.9151682803135085	0.9151682803135085
0.8768697160199437	0.8787146653781106	0.8801771294607971	0.8846153846153846	0.8938388625592417	0.8939292861907938	0.9056531703590527	0.9151682803135085	0.9151682803135085	0.9151682803135085
0.8788207240407544	0.8806474993959894	0.8822610054701745	0.8870005963029219	0.8963665086887835	0.8962641761174116	0.9071810542398777	0.9165514061779622	0.9165514061779622	0.9165514061779622
0.8805549533925862	0.8820971249093984	0.8838239124772076	0.8887895050685748	0.89826224328594	0.8982655103402268	0.9087089381207029	0.9174734900875979	0.9174734900875979	0.9174734900875979
0.88185562540646	0.8833051461705727	0.8851263349830685	0.8899821109123435	0.8992101105845182	0.8992661774516344	0.9094728800611154	0.9179345320424158	0.9179345320424158	0.9179345320424158
0.8844569694342077	0.885721188692921	0.8874706954936181	0.8920691711389386	0.9014218009478673	0.9012675116744496	0.9102368220015279	0.9188566159520516	0.9188566159520516	0.9188566159520516
0.8861911987860395	0.8876540227107997	0.8895545715029956	0.8941562313655337	0.9036334913112164	0.9036024016010674	0.9113827349121467	0.9197786998616874	0.9197786998616874	0.9197786998616874
0.8877086494688923	0.8893452524764436	0.8913779630112009	0.8962432915921288	0.9052132701421801	0.9052701801200801	0.9129106187929718	0.921161825726141	0.921161825726141	0.921161825726141
0.8900932148276609	0.891761294998792	0.8939828080229226	0.8989266547406082	0.9077409162717219	0.9079386257505003	0.9152024446142093	0.9234670355002306	0.9234670355002306	0.9234670355002306
0.8913938868415348	0.893210920512201	0.8950247460276114	0.8998211091234347	0.9086887835703001	0.9089392928619079	0.9163483575248281	0.9248501613646842	0.9248501613646842	0.9248501613646842
0.8931281161933666	0.8949021502778449	0.8968481375358166	0.9019081693500298	0.9109004739336493	0.9112741827885257	0.9182582123758595	0.9271553711387737	0.9271553711387737	0.9271553711387737
0.8948623455451984	0.8968349842957236	0.898932013545194	0.9039952295766249	0.9131121642969984	0.9136090727151435	0.9201680672268907	0.9289995389580452	0.9289995389580452	0.9289995389580452
0.8959462388900932	0.8973181928001933	0.8994529825475385	0.9045915324985092	0.9137440758293839	0.9139426284189459	0.920550038197097	0.9294605809128631	0.9294605809128631	0.9294605809128631
0.8965965748970302	0.897801401304663	0.8999739515498828	0.9051878354203936	0.9143759873617694	0.914609739826551	0.9213139801375095	0.9294605809128631	0.9294605809128631	0.9294605809128631
0.898114025579883	0.8990094225658372	0.9012763740557437	0.9066785927251043	0.9156398104265403	0.9159439626417611	0.9216959511077158	0.929921622867681	0.929921622867681	0.929921622867681
0.8991979189247779	0.8999758395747766	0.9023183120604324	0.907871198568873	0.9165876777251185	0.9169446297531688	0.9224598930481284	0.9308437067773168	0.9308437067773168	0.9308437067773168
0.9009321482766096	0.9009422565837159	0.9033602500651211	0.9087656529516994	0.9175355450236967	0.9179452968645764	0.9236058059587471	0.9317657906869525	0.9317657906869525	0.9317657906869525
0.9030999349663993	0.9031166948538294	0.9057046105756708	0.9114490161001789	0.9203791469194312	0.9206137424949966	0.9255156608097784	0.9336099585062241	0.9336099585062241	0.9336099585062241
0.9041838283112942	0.9040831118627688	0.9067465485803595	0.9126416219439475	0.9213270142180094	0.9216144096064043	0.9258976317799847	0.934071000461042	0.934071000461042	0.934071000461042
0.9052677216561891	0.9052911331239429	0.9080489710862204	0.9141323792486583	0.9225908372827805	0.9229486324216144	0.9274255156608098	0.9359151682803135	0.9359151682803135	0.9359151682803135
0.9072187296769998	0.9072239671418217	0.9098723625944256	0.9156231365533691	0.9238546603475514	0.9236157438292195	0.9281894576012223	0.9363762102351314	0.9363762102351314	0.9363762102351314
0.9087361803598526	0.9089151969074656	0.9116957541026309	0.91711389385808	0.9248025276461296	0.9246164109406271	0.9293353705118411	0.9372982941447672	0.9372982941447672	0.9372982941447672
0.9098200737047475	0.9098816139164049	0.9122167231049753	0.9177101967799642	0.925434439178515	0.9252835223482322	0.9300993124522536	0.9377593360995851	0.9377593360995851	0.9377593360995851
0.9104704097116844	0.9103648224208746	0.9124772076061475	0.9180083482409064	0.9257503949447078	0.9256170780520346	0.9300993124522536	0.9377593360995851	0.9377593360995851	0.9377593360995851
0.9124214177324951	0.9125392606909881	0.9145610836155249	0.9200954084675015	0.9279620853080569	0.9279519679786524	0.9323911382734912	0.9400645458736745	0.9400645458736745	0.9400645458736745
0.9130717537394321	0.9132640734476927	0.9153425371190415	0.9203935599284436	0.9282780410742496	0.928285523682455	0.9327731092436975	0.9405255878284924	0.9405255878284924	0.9405255878284924
0.914155647084327	0.9144720947088669	0.9166449596249023	0.9218843172331544	0.9298578199052133	0.9296197464976651	0.9339190221543163	0.9405255878284924	0.9405255878284924	0.9405255878284924
0.9148059830912638	0.9151969074655714	0.9171659286272467	0.9224806201550387	0.9304897314375987	0.9302868579052702	0.9346829640947288	0.9414476717381282	0.9414476717381282	0.9414476717381282
0.9158898764361587	0.9161633244745108	0.9182078666319354	0.9233750745378653	0.9311216429699842	0.9309539693128752	0.935064935064935	0.941908713692946	0.941908713692946	0.941908713692946
0.9176241057879905	0.9173713457356849	0.9192498046366241	0.9242695289206917	0.9320695102685624	0.9319546364242829	0.9362108479755539	0.9423697556477639	0.9423697556477639	0.9423697556477639
0.9180576631259484	0.9178545542401546	0.9195102891377963	0.9245676803816338	0.9323854660347551	0.9322881921280853	0.9365928189457601	0.9428307976025818	0.9428307976025818	0.9428307976025818
0.9184912204639063	0.9183377627446243	0.9200312581401406	0.9251639833035182	0.9327014218009478	0.9326217478318879	0.9365928189457601	0.9428307976025818	0.9428307976025818	0.9428307976025818
0.9200086711467591	0.9200289925102682	0.921854649648346	0.9269528920691711	0.9342812006319116	0.933955970647098	0.9377387318563789	0.9432918395573997	0.9432918395573997	0.9432918395573997
0.9204422284847171	0.9205122010147379	0.9223756186506903	0.9272510435301133	0.9345971563981043	0.9342895263509006	0.9381207028265852	0.9437528815122176	0.9437528815122176	0.9437528815122176
0.9221764578365489	0.9219618265281468	0.9239385256577234	0.928741800834824	0.936176935229068	0.9359573048699132	0.9400305576776165	0.9451360073766712	0.9451360073766712	0.9451360073766712
0.9232603511814438	0.9229282435370862	0.924980463662412	0.9299344066785927	0.9371248025276462	0.9366244162775184	0.9404125286478228	0.9455970493314891	0.9455970493314891	0.9455970493314891
0.9247778018642966	0.9243778690504952	0.9265433706694451	0.9308288610614192	0.9380726698262243	0.9376250833889259	0.9415584415584416	0.946058091286307	0.946058091286307	0.946058091286307
0.9256449165402124	0.9251026818071998	0.9273248241729617	0.9314251639833036	0.9387045813586098	0.938292194796531	0.9423223834988541	0.9469801751959428	0.9469801751959428	0.9469801751959428
0.9269455885540863	0.9265523073206089	0.9288877311799948	0.9326177698270721	0.9393364928909953	0.9389593062041361	0.9427043544690603	0.9469801751959428	0.9469801751959428	0.9469801751959428
0.9284630392369391	0.9282435370862527	0.9304506381870279	0.9338103756708408	0.9406003159557662	0.9402935290193463	0.9442322383498855	0.9479022591055786	0.9479022591055786	0.9479022591055786
0.929113375243876	0.9289683498429573	0.9312320916905444	0.9344066785927251	0.9409162717219589	0.9406270847231488	0.9446142093200917	0.9483633010603965	0.9483633010603965	0.9483633010603965
0.9304140472577498	0.9299347668518966	0.9322740296952331	0.9355992844364938	0.9421800947867298	0.9419613075383589	0.9461420932009167	0.950207468879668	0.950207468879668	0.950207468879668
0.9308476045957078	0.9304179753563663	0.9327949986975775	0.936195587358378	0.9428120063191153	0.9426284189459639	0.946524064171123	0.9506685108344859	0.9506685108344859	0.9506685108344859
0.9314979406026447	0.9311427881130708	0.9330554831987496	0.9364937388193202	0.943127962085308	0.9429619746497665	0.946524064171123	0.9506685108344859	0.9506685108344859	0.9506685108344859
0.9325818339475396	0.932350809374245	0.9343579057046105	0.9376863446630889	0.9440758293838862	0.9436290860573716	0.9472880061115355	0.9515905947441217	0.9515905947441217	0.9515905947441217
0.9336657272924345	0.9330756221309495	0.934878874706955	0.9382826475849732	0.944391785150079	0.9439626417611742	0.9472880061115355	0.9515905947441217	0.9515905947441217	0.9515905947441217
0.9347496206373292	0.9342836433921237	0.9361812972128158	0.9394752534287418	0.9453396524486571	0.9449633088725817	0.948051948051948	0.9520516366989396	0.9520516366989396	0.9520516366989396
0.9360502926512031	0.9354916646532979	0.9372232352175046	0.9403697078115683	0.9462875197472354	0.9459639759839893	0.9491978609625669	0.9525126786537574	0.9525126786537574	0.9525126786537574
0.936267071320182	0.9357332689055328	0.9374837197186767	0.9406678592725104	0.9466034755134282	0.9462975316877918	0.9495798319327731	0.9525126786537574	0.9525126786537574	0.9525126786537574
0.9364838499891611	0.9359748731577676	0.9377442042198489	0.9406678592725104	0.9466034755134282	0.9462975316877918	0.9495798319327731	0.9525126786537574	0.9525126786537574	0.9525126786537574
0.936917407327119	0.9364580816622372	0.9382651732221933	0.9412641621943948	0.9472353870458136	0.946964643095397	0.9499618029029794	0.9529737206085753	0.9529737206085753	0.9529737206085753
0.9377845220030349	0.9374244986711766	0.9390466267257098	0.9421586165772212	0.9481832543443918	0.9479653102068045	0.9511077158135982	0.9543568464730291	0.9543568464730291	0.9543568464730291
0.9393019726858877	0.9388741241845856	0.9406095337327429	0.943649373881932	0.9497630331753555	0.9496330887258172	0.9526355996944232	0.9552789303826649	0.9552789303826649	0.9552789303826649
0.9395187513548667	0.9391157284368205	0.940870018233915	0.9439475253428742	0.9500789889415482	0.9499666444296198	0.9530175706646294	0.9552789303826649	0.9552789303826649	0.9552789303826649
0.9403858660307826	0.9400821454457599	0.9419119562386038	0.9448419797257006	0.9507109004739337	0.9506337558372249	0.9533995416348358	0.9557399723374828	0.9557399723374828	0.9557399723374828
0.9408194233687405	0.9405653539502296	0.9424329252409481	0.945438282647585	0.9513428120063191	0.9513008672448299	0.9541634835752483	0.9557399723374828	0.9557399723374828	0.9557399723374828
0.9410362020377195	0.9408069582024644	0.9426934097421203	0.945438282647585	0.9513428120063191	0.9513008672448299	0.9541634835752483	0.9557399723374828	0.9557399723374828	0.9557399723374828
0.9414697593756775	0.941290166706934	0.9432143787444647	0.9457364341085271	0.9513428120063191	0.9513008672448299	0.9541634835752483	0.9557399723374828	0.9557399723374828	0.9557399723374828
0.9419033167136354	0.9415317709591688	0.9434748632456369	0.9460345855694693	0.9516587677725118	0.9516344229486324	0.9545454545454546	0.9562010142923006	0.9562010142923006	0.9562010142923006
0.9434207673964882	0.942981396472578	0.9447772857514978	0.947227191413238	0.9529225908372828	0.9529686457638425	0.9556913674560733	0.9575841401567543	0.9575841401567543	0.9575841401567543
0.9442878820724041	0.9434646049770476	0.9452982547538421	0.9478234943351223	0.9532385466034755	0.9533022014676451	0.9560733384262796	0.9580451821115722	0.9580451821115722	0.9580451821115722
0.9460221114242359	0.9453974389949263	0.9473821307632196	0.9490161001788909	0.9541864139020537	0.9543028685790527	0.9572192513368984	0.958967266021208	0.958967266021208	0.958967266021208
0.9460221114242359	0.9453974389949263	0.9473821307632196	0.9490161001788909	0.9541864139020537	0.9543028685790527	0.9572192513368984	0.958967266021208	0.958967266021208	0.958967266021208
0.9466724474311727	0.9461222517516308	0.9481635842667361	0.9499105545617174	0.9551342812006319	0.9553035356904603	0.957983193277311	0.9598893499308437	0.9598893499308437	0.9598893499308437
0.9475395621070887	0.9470886687605702	0.9492055222714249	0.9505068574836016	0.9557661927330173	0.9559706470980653	0.9583651642475172	0.9603503918856616	0.9603503918856616	0.9603503918856616
0.9479731194450466	0.947330273012805	0.9494660067725971	0.9508050089445438	0.9560821484992101	0.9563042028018679	0.9587471352177235	0.9608114338404795	0.9608114338404795	0.9608114338404795
0.9490570127899415	0.9480550857695096	0.9502474602761136	0.9514013118664282	0.9567140600315955	0.956971314209473	0.959511077158136	0.9617335177501153	0.9617335177501153	0.9617335177501153
0.9490570127899415	0.9480550857695096	0.9502474602761136	0.9514013118664282	0.9567140600315955	0.956971314209473	0.959511077158136	0.9617335177501153	0.9617335177501153	0.9617335177501153
0.9499241274658573	0.9490215027784489	0.9512893982808023	0.9522957662492546	0.957345971563981	0.957638425617078	0.9598930481283422	0.9617335177501153	0.9617335177501153	0.9617335177501153
0.9507912421417732	0.9497463155351534	0.9520708517843188	0.9531902206320811	0.9582938388625593	0.9583055370246831	0.9602750190985485	0.9621945597049332	0.9621945597049332	0.9621945597049332
0.9514415781487102	0.950471128291858	0.952331336285491	0.9534883720930233	0.958609794628752	0.9586390927284857	0.9606569900687548	0.9626556016597511	0.9626556016597511	0.9626556016597511
0.9520919141556471	0.9511959410485624	0.9531127897890076	0.9540846750149076	0.9592417061611375	0.9593062041360907	0.9614209320091673	0.9635776855693868	0.9635776855693868	0.9635776855693868
0.952525471493605	0.9516791495530321	0.9536337587913519	0.9546809779367919	0.9598736176935229	0.9599733155436958	0.9621848739495799	0.9640387275242047	0.9640387275242047	0.9640387275242047
0.9536093648384999	0.9526455665619715	0.9544152122948685	0.9552772808586762	0.9601895734597157	0.9603068712474984	0.9621848739495799	0.9640387275242047	0.9640387275242047	0.9640387275242047
0.9542597008454368	0.953370379318676	0.955196665798385	0.9561717352415027	0.9605055292259084	0.9606404269513009	0.9621848739495799	0.9640387275242047	0.9640387275242047	0.9640387275242047
0.9544764795144158	0.9536119835709108	0.9554571502995571	0.9564698867024448	0.9608214849921011	0.9609739826551034	0.9625668449197861	0.9640387275242047	0.9640387275242047	0.9640387275242047
0.9549100368523737	0.9540951920753805	0.9559781193019016	0.9570661896243292	0.9614533965244866	0.9616410940627085	0.9633307868601986	0.9644997694790226	0.9644997694790226	0.9644997694790226
0.9559939301972686	0.9548200048320851	0.9567595728054181	0.9579606440071556	0.9620853080568721	0.9623082054703136	0.9640947288006112	0.9654218533886584	0.9654218533886584	0.9654218533886584
0.9575113808801214	0.9562696303454941	0.9583224798124511	0.9597495527728086	0.963349131121643	0.9633088725817212	0.9648586707410237	0.9663439372982942	0.9663439372982942	0.9663439372982942
0.9583784955560373	0.9572360473544335	0.9591039333159677	0.9603458556946929	0.9639810426540284	0.9639759839893263	0.9656226126814362	0.966804979253112	0.966804979253112	0.966804979253112
0.9590288315629742	0.9579608601111379	0.9598853868194842	0.9612403100775194	0.9642969984202212	0.9643095396931287	0.9660045836516424	0.9672660212079299	0.9672660212079299	0.9672660212079299
0.9592456102319532	0.9582024643633728	0.9601458713206564	0.9615384615384616	0.9646129541864139	0.9646430953969313	0.9663865546218487	0.9672660212079299	0.9672660212079299	0.9672660212079299
0.9598959462388901	0.9589272771200773	0.960927324824173	0.9621347644603458	0.9652448657187994	0.9653102068045364	0.9671504965622613	0.9677270631627478	0.9677270631627478	0.9677270631627478
0.9616301755907218	0.960860111137956	0.9630112008335504	0.9645199761478831	0.9677725118483412	0.9679786524349566	0.9690603514132926	0.9695712309820194	0.9695712309820194	0.9695712309820194
0.9627140689356167	0.9620681323991302	0.9643136233394113	0.9660107334525939	0.969352290679305	0.9696464309539693	0.9705882352941176	0.970954356846473	0.970954356846473	0.970954356846473
0.9644482982874485	0.9640009664170089	0.9663974993487887	0.968097793679189	0.9712480252764613	0.9716477651767845	0.972498090145149	0.9732595666205625	0.9732595666205625	0.9732595666205625
0.9653154129633644	0.9649673834259483	0.9674394373534775	0.9692903995229577	0.9725118483412323	0.9723148765843896	0.9732620320855615	0.9741816505301982	0.9741816505301982	0.9741816505301982
0.9666160849772383	0.9664170089393573	0.9687418598593384	0.969886702444842	0.9731437598736177	0.9729819879919946	0.974025974025974	0.975103734439834	0.975103734439834	0.975103734439834
0.9670496423151962	0.9664170089393573	0.9687418598593384	0.969886702444842	0.9731437598736177	0.9729819879919946	0.974025974025974	0.975103734439834	0.975103734439834	0.975103734439834
0.9670496423151962	0.9664170089393573	0.9687418598593384	0.969886702444842	0.9731437598736177	0.9729819879919946	0.974025974025974	0.975103734439834	0.975103734439834	0.975103734439834
0.9672664209841751	0.9666586131915922	0.9690023443605106	0.9701848539057841	0.9734597156398104	0.9733155436957972	0.9744079449961803	0.9755647763946519	0.9755647763946519	0.9755647763946519
0.9672664209841751	0.9666586131915922	0.9690023443605106	0.9701848539057841	0.9734597156398104	0.9733155436957972	0.9744079449961803	0.9755647763946519	0.9755647763946519	0.9755647763946519
0.9681335356600911	0.9671418216960619	0.9695233133628549	0.9704830053667263	0.9737756714060032	0.9736490993995998	0.9747899159663865	0.9760258183494698	0.9760258183494698	0.9760258183494698
0.9694342076739649	0.9685914472094709	0.9705652513675437	0.9713774597495528	0.9744075829383886	0.9743162108072048	0.975553857906799	0.9760258183494698	0.9760258183494698	0.9760258183494698
0.9696509863429439	0.9688330514617057	0.9708257358687158	0.971675611210495	0.9747235387045814	0.9746497665110073	0.9759358288770054	0.9764868603042877	0.9764868603042877	0.9764868603042877
0.9696509863429439	0.9688330514617057	0.9708257358687158	0.971675611210495	0.9747235387045814	0.9746497665110073	0.9759358288770054	0.9764868603042877	0.9764868603042877	0.9764868603042877
0.9724691090396705	0.9719739067407587	0.973951549882782	0.9749552772808586	0.9781990521327014	0.9783188792528352	0.9801375095492743	0.9810972798524665	0.9810972798524665	0.9810972798524665
0.9729026663776285	0.9724571152452283	0.9744725188851263	0.975551580202743	0.9788309636650869	0.9789859906604403	0.9809014514896868	0.9815583218072844	0.9815583218072844	0.9815583218072844
0.9737697810535443	0.9734235322541677	0.9755144568898151	0.9761478831246273	0.9794628751974723	0.9796531020680453	0.9812834224598931	0.9820193637621023	0.9820193637621023	0.9820193637621023
0.9744201170604813	0.9736651365064025	0.9757749413909872	0.9764460345855694	0.9797788309636651	0.9799866577718479	0.9816653934300993	0.9824804057169202	0.9824804057169202	0.9824804057169202
0.9750704530674181	0.9743899492631071	0.9765563948945037	0.977340488968396	0.9807266982622432	0.9809873248832555	0.9824293353705118	0.983402489626556	0.983402489626556	0.983402489626556
0.9759375677433341	0.9753563662720464	0.9773378483980203	0.9782349433512224	0.9813586097946287	0.9816544362908606	0.9831932773109243	0.9843245735361917	0.9843245735361917	0.9843245735361917
0.976371125081292	0.9758395747765161	0.9778588174003647	0.9785330948121646	0.9816745655608214	0.9819879919946631	0.9835752482811306	0.9847856154910097	0.9847856154910097	0.9847856154910097
0.9774550184261869	0.9770475960376903	0.9791612399062256	0.9797257006559332	0.9829383886255925	0.9833222148098733	0.9843391902215431	0.9847856154910097	0.9847856154910097	0.9847856154910097
0.9787556904400607	0.9784972215510993	0.9807241469132587	0.9815146094215862	0.9845181674565561	0.9849899933288859	0.985485103132162	0.9861687413554634	0.9861687413554634	0.9861687413554634
0.9789724691090397	0.9787388258033342	0.9809846314144308	0.9815146094215862	0.9845181674565561	0.9849899933288859	0.985485103132162	0.9861687413554634	0.9861687413554634	0.9861687413554634
0.9800563624539346	0.9799468470645083	0.9817660849179474	0.9824090638044126	0.9854660347551343	0.9859906604402935	0.9866310160427807	0.9875518672199171	0.9875518672199171	0.9875518672199171
0.9804899197918925	0.9801884513167431	0.9820265694191196	0.9827072152653548	0.985781990521327	0.986324216144096	0.987012987012987	0.9880129091747349	0.9880129091747349	0.9880129091747349
0.9813570344678084	0.9811548683256825	0.9830685074238082	0.9836016696481813	0.9867298578199052	0.9873248832555037	0.9881588999236058	0.9884739511295528	0.9884739511295528	0.9884739511295528
0.9824409278127032	0.9823628895868567	0.9843709299296692	0.9850924269528921	0.9883096366508689	0.9889926617745164	0.9900687547746372	0.9907791609036423	0.9907791609036423	0.9907791609036423
0.9828744851506612	0.9828460980913264	0.9848918989320136	0.9856887298747764	0.9889415481832543	0.9896597731821214	0.9908326967150497	0.991701244813278	0.991701244813278	0.991701244813278
0.9830912638196402	0.9830877023435612	0.9851523834331857	0.9859868813357185	0.9892575039494471	0.989993328885924	0.9912146676852559	0.991701244813278	0.991701244813278	0.991701244813278
0.9835248211575981	0.9835709108480309	0.9856733524355301	0.9865831842576028	0.9898894154818325	0.9906604402935291	0.9915966386554622	0.991701244813278	0.991701244813278	0.991701244813278
0.983958378495556	0.9840541193525006	0.9861943214378744	0.9871794871794872	0.990521327014218	0.9913275517011341	0.9919786096256684	0.991701244813278	0.991701244813278	0.991701244813278
0.983958378495556	0.9840541193525006	0.9861943214378744	0.9871794871794872	0.990521327014218	0.9913275517011341	0.9919786096256684	0.991701244813278	0.991701244813278	0.991701244813278
0.9850422718404509	0.9852621406136748	0.9872362594425632	0.9883720930232558	0.9917851500789889	0.9923282188125417	0.9931245225362872	0.9926233287229138	0.9926233287229138	0.9926233287229138
0.9852590505094299	0.9855037448659096	0.9874967439437353	0.9886702444841979	0.9921011058451816	0.9926617745163442	0.9935064935064936	0.9930843706777317	0.9930843706777317	0.9930843706777317
0.9856926078473878	0.9859869533703793	0.9880177129460798	0.9892665474060823	0.9927330173775671	0.9933288859239493	0.9942704354469061	0.9940064545873675	0.9940064545873675	0.9940064545873675
0.9872100585302406	0.9874365788837883	0.9893201354519406	0.9901610017889088	0.9936808846761453	0.9943295530353569	0.9946524064171123	0.9944674965421854	0.9944674965421854	0.9944674965421854
0.9874268371992196	0.9876781831360232	0.9895806199531128	0.9904591532498509	0.993996840442338	0.9946631087391594	0.9950343773873186	0.9949285384970032	0.9949285384970032	0.9949285384970032
0.9878603945371776	0.9881613916404929	0.9901015889554572	0.9910554561717353	0.9946287519747236	0.9953302201467645	0.9954163483575248	0.9953895804518211	0.9953895804518211	0.9953895804518211
0.9882939518751355	0.9886446001449626	0.9903620734566293	0.9913536076326774	0.9949447077409163	0.9956637758505671	0.9957983193277311	0.995850622406639	0.995850622406639	0.995850622406639
0.9885107305441144	0.9888862043971974	0.9906225579578015	0.9916517590936196	0.9949447077409163	0.9956637758505671	0.9957983193277311	0.995850622406639	0.995850622406639	0.995850622406639
0.9889442878820724	0.9891278086494323	0.9906225579578015	0.9916517590936196	0.9949447077409163	0.9956637758505671	0.9957983193277311	0.995850622406639	0.995850622406639	0.995850622406639
0.9891610665510514	0.989369412901667	0.9908830424589737	0.9919499105545617	0.995260663507109	0.9959973315543695	0.9961802902979373	0.9963116643614569	0.9963116643614569	0.9963116643614569
0.9898114025579883	0.9898526214061367	0.9911435269601458	0.9922480620155039	0.9955766192733018	0.9963308872581721	0.9965622612681436	0.9967727063162748	0.9967727063162748	0.9967727063162748
0.9900281812269672	0.9900942256583716	0.9911435269601458	0.9922480620155039	0.9955766192733018	0.9963308872581721	0.9965622612681436	0.9967727063162748	0.9967727063162748	0.9967727063162748
0.9904617385649253	0.9905774341628413	0.9914040114613181	0.992546213476446	0.9958925750394945	0.9966644429619747	0.9965622612681436	0.9967727063162748	0.9967727063162748	0.9967727063162748
0.9906785172339042	0.9908190384150761	0.9916644959624902	0.9928443649373881	0.9962085308056872	0.9969979986657772	0.9965622612681436	0.9967727063162748	0.9967727063162748	0.9967727063162748
0.9911120745718621	0.991060642667311	0.9919249804636624	0.9931425163983304	0.9962085308056872	0.9969979986657772	0.9965622612681436	0.9967727063162748	0.9967727063162748	0.9967727063162748
0.9913288532408411	0.9913022469195458	0.9921854649648346	0.9934406678592725	0.99652448657188	0.9969979986657772	0.9965622612681436	0.9967727063162748	0.9967727063162748	0.9967727063162748
0.9913288532408411	0.9913022469195458	0.9921854649648346	0.9934406678592725	0.99652448657188	0.9969979986657772	0.9965622612681436	0.9967727063162748	0.9967727063162748	0.9967727063162748
0.99154563190982	0.9913022469195458	0.9921854649648346	0.9934406678592725	0.99652448657188	0.9969979986657772	0.9965622612681436	0.9967727063162748	0.9967727063162748	0.9967727063162748
0.991762410578799	0.9915438511717807	0.9924459494660067	0.9937388193202147	0.9968404423380727	0.9973315543695798	0.9969442322383499	0.9972337482710927	0.9972337482710927	0.9972337482710927
0.9919791892477781	0.9917854554240154	0.992706433967179	0.9940369707811568	0.9968404423380727	0.9973315543695798	0.9969442322383499	0.9972337482710927	0.9972337482710927	0.9972337482710927
0.992195967916757	0.9920270596762503	0.9929669184683512	0.994335122242099	0.9968404423380727	0.9973315543695798	0.9969442322383499	0.9972337482710927	0.9972337482710927	0.9972337482710927
0.992412746585736	0.9922686639284851	0.9932274029695233	0.9946332737030411	0.9971563981042654	0.9976651100733822	0.9973262032085561	0.9976947902259106	0.9976947902259106	0.9976947902259106
0.9930630825926728	0.9927518724329548	0.9934878874706955	0.9949314251639833	0.9971563981042654	0.9976651100733822	0.9973262032085561	0.9976947902259106	0.9976947902259106	0.9976947902259106
0.9932798612616519	0.9929934766851897	0.9937483719718677	0.9949314251639833	0.9971563981042654	0.9976651100733822	0.9973262032085561	0.9976947902259106	0.9976947902259106	0.9976947902259106
0.9932798612616519	0.9929934766851897	0.9937483719718677	0.9949314251639833	0.9971563981042654	0.9976651100733822	0.9973262032085561	0.9976947902259106	0.9976947902259106	0.9976947902259106
0.9932798612616519	0.9929934766851897	0.9937483719718677	0.9949314251639833	0.9971563981042654	0.9976651100733822	0.9973262032085561	0.9976947902259106	0.9976947902259106	0.9976947902259106
0.9934966399306309	0.9932350809374245	0.9940088564730398	0.9952295766249255	0.9974723538704582	0.9979986657771848	0.9977081741787625	0.9981558321807285	0.9981558321807285	0.9981558321807285
0.9934966399306309	0.9932350809374245	0.9940088564730398	0.9952295766249255	0.9974723538704582	0.9979986657771848	0.9977081741787625	0.9981558321807285	0.9981558321807285	0.9981558321807285
0.9934966399306309	0.9932350809374245	0.9940088564730398	0.9952295766249255	0.9974723538704582	0.9979986657771848	0.9977081741787625	0.9981558321807285	0.9981558321807285	0.9981558321807285
0.9934966399306309	0.9932350809374245	0.9940088564730398	0.9952295766249255	0.9974723538704582	0.9979986657771848	0.9977081741787625	0.9981558321807285	0.9981558321807285	0.9981558321807285
0.9937134185996098	0.9932350809374245	0.9940088564730398	0.9952295766249255	0.9974723538704582	0.9979986657771848	0.9977081741787625	0.9981558321807285	0.9981558321807285	0.9981558321807285
0.9937134185996098	0.9932350809374245	0.9940088564730398	0.9952295766249255	0.9974723538704582	0.9979986657771848	0.9977081741787625	0.9981558321807285	0.9981558321807285	0.9981558321807285
0.9939301972685888	0.9934766851896594	0.994269340974212	0.9952295766249255	0.9974723538704582	0.9979986657771848	0.9977081741787625	0.9981558321807285	0.9981558321807285	0.9981558321807285
0.9939301972685888	0.9934766851896594	0.994269340974212	0.9952295766249255	0.9974723538704582	0.9979986657771848	0.9977081741787625	0.9981558321807285	0.9981558321807285	0.9981558321807285
0.9939301972685888	0.9934766851896594	0.994269340974212	0.9952295766249255	0.9974723538704582	0.9979986657771848	0.9977081741787625	0.9981558321807285	0.9981558321807285	0.9981558321807285
0.9941469759375677	0.9937182894418942	0.9945298254753843	0.9952295766249255	0.9974723538704582	0.9979986657771848	0.9977081741787625	0.9981558321807285	0.9981558321807285	0.9981558321807285
0.9941469759375677	0.9937182894418942	0.9945298254753843	0.9952295766249255	0.9974723538704582	0.9979986657771848	0.9977081741787625	0.9981558321807285	0.9981558321807285	0.9981558321807285
0.9943637546065467	0.9937182894418942	0.9945298254753843	0.9952295766249255	0.9974723538704582	0.9979986657771848	0.9977081741787625	0.9981558321807285	0.9981558321807285	0.9981558321807285
0.9943637546065467	0.9937182894418942	0.9945298254753843	0.9952295766249255	0.9974723538704582	0.9979986657771848	0.9977081741787625	0.9981558321807285	0.9981558321807285	0.9981558321807285
0.9945805332755256	0.9939598936941291	0.9945298254753843	0.9952295766249255	0.9974723538704582	0.9979986657771848	0.9977081741787625	0.9981558321807285	0.9981558321807285	0.9981558321807285
0.9945805332755256	0.9939598936941291	0.9945298254753843	0.9952295766249255	0.9974723538704582	0.9979986657771848	0.9977081741787625	0.9981558321807285	0.9981558321807285	0.9981558321807285
0.9945805332755256	0.9939598936941291	0.9945298254753843	0.9952295766249255	0.9974723538704582	0.9979986657771848	0.9977081741787625	0.9981558321807285	0.9981558321807285	0.9981558321807285
0.9947973119445047	0.9942014979463638	0.9947903099765564	0.9952295766249255	0.9974723538704582	0.9979986657771848	0.9977081741787625	0.9981558321807285	0.9981558321807285	0.9981558321807285
0.9952308692824626	0.9946847064508335	0.9953112789789007	0.9958258795468098	0.9974723538704582	0.9979986657771848	0.9977081741787625	0.9981558321807285	0.9981558321807285	0.9981558321807285
0.9952308692824626	0.9946847064508335	0.9953112789789007	0.9958258795468098	0.9974723538704582	0.9979986657771848	0.9977081741787625	0.9981558321807285	0.9981558321807285	0.9981558321807285
0.9954476479514416	0.9949263107030684	0.9955717634800729	0.9961240310077519	0.9974723538704582	0.9979986657771848	0.9977081741787625	0.9981558321807285	0.9981558321807285	0.9981558321807285
0.9954476479514416	0.9949263107030684	0.9955717634800729	0.9961240310077519	0.9974723538704582	0.9979986657771848	0.9977081741787625	0.9981558321807285	0.9981558321807285	0.9981558321807285
0.9956644266204205	0.9951679149553032	0.9955717634800729	0.9961240310077519	0.9974723538704582	0.9979986657771848	0.9977081741787625	0.9981558321807285	0.9981558321807285	0.9981558321807285
0.9960979839583785	0.9956511234597729	0.9960927324824173	0.9967203339296362	0.9977883096366509	0.9983322214809873	0.9980901451489687	0.9986168741355463	0.9986168741355463	0.9986168741355463
0.9960979839583785	0.9956511234597729	0.9960927324824173	0.9967203339296362	0.9977883096366509	0.9983322214809873	0.9980901451489687	0.9986168741355463	0.9986168741355463	0.9986168741355463
0.9965315412963365	0.9961343319642426	0.9960927324824173	0.9967203339296362	0.9977883096366509	0.9983322214809873	0.9980901451489687	0.9986168741355463	0.9986168741355463	0.9986168741355463
0.9967483199653154	0.9963759362164775	0.9963532169835895	0.9970184853905785	0.9981042654028436	0.9986657771847899	0.998472116119175	0.9990779160903642	0.9990779160903642	0.9990779160903642
0.9967483199653154	0.9963759362164775	0.9963532169835895	0.9970184853905785	0.9981042654028436	0.9986657771847899	0.998472116119175	0.9990779160903642	0.9990779160903642	0.9990779160903642
0.9967483199653154	0.9963759362164775	0.9963532169835895	0.9970184853905785	0.9981042654028436	0.9986657771847899	0.998472116119175	0.9990779160903642	0.9990779160903642	0.9990779160903642
0.9967483199653154	0.9963759362164775	0.9963532169835895	0.9970184853905785	0.9981042654028436	0.9986657771847899	0.998472116119175	0.9990779160903642	0.9990779160903642	0.9990779160903642
0.9967483199653154	0.9963759362164775	0.9963532169835895	0.9970184853905785	0.9981042654028436	0.9986657771847899	0.998472116119175	0.9990779160903642	0.9990779160903642	0.9990779160903642
0.9967483199653154	0.9963759362164775	0.9963532169835895	0.9970184853905785	0.9981042654028436	0.9986657771847899	0.998472116119175	0.9990779160903642	0.9990779160903642	0.9990779160903642
0.9969650986342944	0.9966175404687122	0.9966137014847617	0.9973166368515206	0.9984202211690363	0.9986657771847899	0.998472116119175	0.9990779160903642	0.9990779160903642	0.9990779160903642
0.9969650986342944	0.9966175404687122	0.9966137014847617	0.9973166368515206	0.9984202211690363	0.9986657771847899	0.998472116119175	0.9990779160903642	0.9990779160903642	0.9990779160903642
0.9969650986342944	0.9966175404687122	0.9966137014847617	0.9973166368515206	0.9984202211690363	0.9986657771847899	0.998472116119175	0.9990779160903642	0.9990779160903642	0.9990779160903642
0.9969650986342944	0.9966175404687122	0.9966137014847617	0.9973166368515206	0.9984202211690363	0.9986657771847899	0.998472116119175	0.9990779160903642	0.9990779160903642	0.9990779160903642
0.9969650986342944	0.9966175404687122	0.9966137014847617	0.9973166368515206	0.9984202211690363	0.9986657771847899	0.998472116119175	0.9990779160903642	0.9990779160903642	0.9990779160903642
0.9969650986342944	0.9966175404687122	0.9966137014847617	0.9973166368515206	0.9984202211690363	0.9986657771847899	0.998472116119175	0.9990779160903642	0.9990779160903642	0.9990779160903642
0.9969650986342944	0.9966175404687122	0.9966137014847617	0.9973166368515206	0.9984202211690363	0.9986657771847899	0.998472116119175	0.9990779160903642	0.9990779160903642	0.9990779160903642
0.9969650986342944	0.9966175404687122	0.9966137014847617	0.9973166368515206	0.9984202211690363	0.9986657771847899	0.998472116119175	0.9990779160903642	0.9990779160903642	0.9990779160903642
0.9969650986342944	0.9966175404687122	0.9966137014847617	0.9973166368515206	0.9984202211690363	0.9986657771847899	0.998472116119175	0.9990779160903642	0.9990779160903642	0.9990779160903642
0.9969650986342944	0.9966175404687122	0.9966137014847617	0.9973166368515206	0.9984202211690363	0.9986657771847899	0.998472116119175	0.9990779160903642	0.9990779160903642	0.9990779160903642
0.9971818773032733	0.996859144720947	0.9968741859859338	0.9973166368515206	0.9984202211690363	0.9986657771847899	0.998472116119175	0.9990779160903642	0.9990779160903642	0.9990779160903642
0.9971818773032733	0.996859144720947	0.9968741859859338	0.9973166368515206	0.9984202211690363	0.9986657771847899	0.998472116119175	0.9990779160903642	0.9990779160903642	0.9990779160903642
0.9973986559722523	0.9971007489731819	0.997134670487106	0.9976147883124628	0.9987361769352291	0.9989993328885924	0.9988540870893812	0.9990779160903642	0.9990779160903642	0.9990779160903642
0.9976154346412313	0.9973423532254168	0.9973951549882782	0.9979129397734049	0.9987361769352291	0.9989993328885924	0.9988540870893812	0.9990779160903642	0.9990779160903642	0.9990779160903642
0.9978322133102103	0.9975839574776516	0.9976556394894504	0.9979129397734049	0.9987361769352291	0.9989993328885924	0.9988540870893812	0.9990779160903642	0.9990779160903642	0.9990779160903642
0.9980489919791893	0.9978255617298865	0.9979161239906226	0.998211091234347	0.9987361769352291	0.9989993328885924	0.9988540870893812	0.9990779160903642	0.9990779160903642	0.9990779160903642
0.9982657706481682	0.9980671659821213	0.9981766084917948	0.998211091234347	0.9987361769352291	0.9989993328885924	0.9988540870893812	0.9990779160903642	0.9990779160903642	0.9990779160903642
0.9982657706481682	0.9980671659821213	0.9981766084917948	0.998211091234347	0.9987361769352291	0.9989993328885924	0.9988540870893812	0.9990779160903642	0.9990779160903642	0.9990779160903642
0.9982657706481682	0.9980671659821213	0.9981766084917948	0.998211091234347	0.9987361769352291	0.9989993328885924	0.9988540870893812	0.9990779160903642	0.9990779160903642	0.9990779160903642
0.9986993279861262	0.998550374486591	0.9986975774941391	0.9988073941562313	0.9990521327014218	0.9993328885923949	0.9992360580595875	0.9990779160903642	0.9990779160903642	0.9990779160903642
0.9989161066551051	0.9987919787388259	0.9989580619953112	0.9991055456171736	0.9993680884676145	0.9996664442961974	0.9996180290297937	0.9995389580451821	0.9995389580451821	0.9995389580451821
0.9989161066551051	0.9987919787388259	0.9989580619953112	0.9991055456171736	0.9993680884676145	0.9996664442961974	0.9996180290297937	0.9995389580451821	0.9995389580451821	0.9995389580451821
0.9989161066551051	0.9987919787388259	0.9989580619953112	0.9991055456171736	0.9993680884676145	0.9996664442961974	0.9996180290297937	0.9995389580451821	0.9995389580451821	0.9995389580451821
0.9991328853240841	0.9990335829910606	0.9989580619953112	0.9991055456171736	0.9993680884676145	0.9996664442961974	0.9996180290297937	0.9995389580451821	0.9995389580451821	0.9995389580451821
0.9991328853240841	0.9990335829910606	0.9989580619953112	0.9991055456171736	0.9993680884676145	0.9996664442961974	0.9996180290297937	0.9995389580451821	0.9995389580451821	0.9995389580451821
0.9993496639930631	0.9992751872432954	0.9992185464964835	0.9994036970781157	0.9993680884676145	0.9996664442961974	0.9996180290297937	0.9995389580451821	0.9995389580451821	0.9995389580451821
0.9995664426620421	0.9995167914955303	0.9994790309976557	0.9997018485390579	0.9996840442338073	1.0	1.0	1.0	1.0	1.0
0.9995664426620421	0.9995167914955303	0.9994790309976557	0.9997018485390579	0.9996840442338073	1.0	1.0	1.0	1.0	1.0
0.9995664426620421	0.9995167914955303	0.9994790309976557	0.9997018485390579	0.9996840442338073	1.0	1.0	1.0	1.0	1.0
0.9995664426620421	0.9995167914955303	0.9994790309976557	0.9997018485390579	0.9996840442338073	1.0	1.0	1.0	1.0	1.0
0.999783221331021	0.9997583957477651	0.9997395154988278	0.9997018485390579	0.9996840442338073	1.0	1.0	1.0	1.0	1.0
0.999783221331021	0.9997583957477651	0.9997395154988278	0.9997018485390579	0.9996840442338073	1.0	1.0	1.0	1.0	1.0
0.999783221331021	0.9997583957477651	0.9997395154988278	0.9997018485390579	0.9996840442338073	1.0	1.0	1.0	1.0	1.0
0.999783221331021	0.9997583957477651	0.9997395154988278	0.9997018485390579	0.9996840442338073	1.0	1.0	1.0	1.0	1.0
0.999783221331021	0.9997583957477651	0.9997395154988278	0.9997018485390579	0.9996840442338073	1.0	1.0	1.0	1.0	1.0
0.999783221331021	0.9997583957477651	0.9997395154988278	0.9997018485390579	0.9996840442338073	1.0	1.0	1.0	1.0	1.0
0.999783221331021	0.9997583957477651	0.9997395154988278	0.9997018485390579	0.9996840442338073	1.0	1.0	1.0	1.0	1.0
0.999783221331021	0.9997583957477651	0.9997395154988278	0.9997018485390579	0.9996840442338073	1.0	1.0	1.0	1.0	1.0
0.999783221331021	0.9997583957477651	0.9997395154988278	0.9997018485390579	0.9996840442338073	1.0	1.0	1.0	1.0	1.0
0.999783221331021	0.9997583957477651	0.9997395154988278	0.9997018485390579	0.9996840442338073	1.0	1.0	1.0	1.0	1.0
0.999783221331021	0.9997583957477651	0.9997395154988278	0.9997018485390579	0.9996840442338073	1.0	1.0	1.0	1.0	1.0
0.999783221331021	0.9997583957477651	0.9997395154988278	0.9997018485390579	0.9996840442338073	1.0	1.0	1.0	1.0	1.0
0.999783221331021	0.9997583957477651	0.9997395154988278	0.9997018485390579	0.9996840442338073	1.0	1.0	1.0	1.0	1.0
0.999783221331021	0.9997583957477651	0.9997395154988278	0.9997018485390579	0.9996840442338073	1.0	1.0	1.0	1.0	1.0
0.999783221331021	0.9997583957477651	0.9997395154988278	0.9997018485390579	0.9996840442338073	1.0	1.0	1.0	1.0	1.0
0.999783221331021	0.9997583957477651	0.9997395154988278	0.9997018485390579	0.9996840442338073	1.0	1.0	1.0	1.0	1.0
0.999783221331021	0.9997583957477651	0.9997395154988278	0.9997018485390579	0.9996840442338073	1.0	1.0	1.0	1.0	1.0
0.999783221331021	0.9997583957477651	0.9997395154988278	0.9997018485390579	0.9996840442338073	1.0	1.0	1.0	1.0	1.0
0.999783221331021	0.9997583957477651	0.9997395154988278	0.9997018485390579	0.9996840442338073	1.0	1.0	1.0	1.0	1.0
0.999783221331021	0.9997583957477651	0.9997395154988278	0.9997018485390579	0.9996840442338073	1.0	1.0	1.0	1.0	1.0
0.999783221331021	0.9997583957477651	0.9997395154988278	0.9997018485390579	0.9996840442338073	1.0	1.0	1.0	1.0	1.0
0.999783221331021	0.9997583957477651	0.9997395154988278	0.9997018485390579	0.9996840442338073	1.0	1.0	1.0	1.0	1.0
0.999783221331021	0.9997583957477651	0.9997395154988278	0.9997018485390579	0.9996840442338073	1.0	1.0	1.0	1.0	1.0
0.999783221331021	0.9997583957477651	0.9997395154988278	0.9997018485390579	0.9996840442338073	1.0	1.0	1.0	1.0	1.0
0.999783221331021	0.9997583957477651	0.9997395154988278	0.9997018485390579	0.9996840442338073	1.0	1.0	1.0	1.0	1.0
0.999783221331021	0.9997583957477651	0.9997395154988278	0.9997018485390579	0.9996840442338073	1.0	1.0	1.0	1.0	1.0
1.0	1.0	1.0	1.0	1.0	1.0	1.0	1.0	1.0	1.0
1.0	1.0	1.0	1.0	1.0	1.0	1.0	1.0	1.0	1.0
1.0	1.0	1.0	1.0	1.0	1.0	1.0	1.0	1.0	1.0
1.0	1.0	1.0	1.0	1.0	1.0	1.0	1.0	1.0	1.0
1.0	1.0	1.0	1.0	1.0	1.0	1.0	1.0	1.0	1.0
1.0	1.0	1.0	1.0	1.0	1.0	1.0	1.0	1.0	1.0
1.0	1.0	1.0	1.0	1.0	1.0	1.0	1.0	1.0	1.0
1.0	1.0	1.0	1.0	1.0	1.0	1.0	1.0	1.0	1.0
1.0	1.0	1.0	1.0	1.0	1.0	1.0	1.0	1.0	1.0
1.0	1.0	1.0	1.0	1.0	1.0	1.0	1.0	1.0	1.0
1.0	1.0	1.0	1.0	1.0	1.0	1.0	1.0	1.0	1.0
1.0	1.0	1.0	1.0	1.0	1.0	1.0	1.0	1.0	1.0
1.0	1.0	1.0	1.0	1.0	1.0	1.0	1.0	1.0	1.0
1.0	1.0	1.0	1.0	1.0	1.0	1.0	1.0	1.0	1.0
1.0	1.0	1.0	1.0	1.0	1.0	1.0	1.0	1.0	1.0
1.0	1.0	1.0	1.0	1.0	1.0	1.0	1.0	1.0	1.0
1.0	1.0	1.0	1.0	1.0	1.0	1.0	1.0	1.0	1.0
1.0	1.0	1.0	1.0	1.0	1.0	1.0	1.0	1.0	1.0
1.0	1.0	1.0	1.0	1.0	1.0	1.0	1.0	1.0	1.0
1.0	1.0	1.0	1.0	1.0	1.0	1.0	1.0	1.0	1.0
1.0	1.0	1.0	1.0	1.0	1.0	1.0	1.0	1.0	1.0
1.0	1.0	1.0	1.0	1.0	1.0	1.0	1.0	1.0	1.0
1.0	1.0	1.0	1.0	1.0	1.0	1.0	1.0	1.0	1.0
1.0	1.0	1.0	1.0	1.0	1.0	1.0	1.0	1.0	1.0
1.0	1.0	1.0	1.0	1.0	1.0	1.0	1.0	1.0	1.0
1.0	1.0	1.0	1.0	1.0	1.0	1.0	1.0	1.0	1.0
1.0	1.0	1.0	1.0	1.0	1.0	1.0	1.0	1.0	1.0
1.0	1.0	1.0	1.0	1.0	1.0	1.0	1.0	1.0	1.0
1.0	1.0	1.0	1.0	1.0	1.0	1.0	1.0	1.0	1.0
1.0	1.0	1.0	1.0	1.0	1.0	1.0	1.0	1.0	1.0
1.0	1.0	1.0	1.0	1.0	1.0	1.0	1.0	1.0	1.0
1.0	1.0	1.0	1.0	1.0	1.0	1.0	1.0	1.0	1.0
1.0	1.0	1.0	1.0	1.0	1.0	1.0	1.0	1.0	1.0
1.0	1.0	1.0	1.0	1.0	1.0	1.0	1.0	1.0	1.0
1.0	1.0	1.0	1.0	1.0	1.0	1.0	1.0	1.0	1.0
1.0	1.0	1.0	1.0	1.0	1.0	1.0	1.0	1.0	1.0
1.0	1.0	1.0	1.0	1.0	1.0	1.0	1.0	1.0	1.0
1.0	1.0	1.0	1.0	1.0	1.0	1.0	1.0	1.0	1.0
1.0	1.0	1.0	1.0	1.0	1.0	1.0	1.0	1.0	1.0
1.0	1.0	1.0	1.0	1.0	1.0	1.0	1.0	1.0	1.0
1.0	1.0	1.0	1.0	1.0	1.0	1.0	1.0	1.0	1.0
1.0	1.0	1.0	1.0	1.0	1.0	1.0	1.0	1.0	1.0
1.0	1.0	1.0	1.0	1.0	1.0	1.0	1.0	1.0	1.0
1.0	1.0	1.0	1.0	1.0	1.0	1.0	1.0	1.0	1.0
1.0	1.0	1.0	1.0	1.0	1.0	1.0	1.0	1.0	1.0
1.0	1.0	1.0	1.0	1.0	1.0	1.0	1.0	1.0	1.0
1.0	1.0	1.0	1.0	1.0	1.0	1.0	1.0	1.0	1.0
1.0	1.0	1.0	1.0	1.0	1.0	1.0	1.0	1.0	1.0
1.0	1.0	1.0	1.0	1.0	1.0	1.0	1.0	1.0	1.0
1.0	1.0	1.0	1.0	1.0	1.0	1.0	1.0	1.0	1.0
1.0	1.0	1.0	1.0	1.0	1.0	1.0	1.0	1.0	1.0
1.0	1.0	1.0	1.0	1.0	1.0	1.0	1.0	1.0	1.0
1.0	1.0	1.0	1.0	1.0	1.0	1.0	1.0	1.0	1.0
1.0	1.0	1.0	1.0	1.0	1.0	1.0	1.0	1.0	1.0
1.0	1.0	1.0	1.0	1.0	1.0	1.0	1.0	1.0	1.0
1.0	1.0	1.0	1.0	1.0	1.0	1.0	1.0	1.0	1.0
1.0	1.0	1.0	1.0	1.0	1.0	1.0	1.0	1.0	1.0
1.0	1.0	1.0	1.0	1.0	1.0	1.0	1.0	1.0	1.0
1.0	1.0	1.0	1.0	1.0	1.0	1.0	1.0	1.0	1.0
1.0	1.0	1.0	1.0	1.0	1.0	1.0	1.0	1.0	1.0
1.0	1.0	1.0	1.0	1.0	1.0	1.0	1.0	1.0	1.0
1.0	1.0	1.0	1.0	1.0	1.0	1.0	1.0	1.0	1.0
1.0	1.0	1.0	1.0	1.0	1.0	1.0	1.0	1.0	1.0
1.0	1.0	1.0	1.0	1.0	1.0	1.0	1.0	1.0	1.0
1.0	1.0	1.0	1.0	1.0	1.0	1.0	1.0	1.0	1.0
1.0	1.0	1.0	1.0	1.0	1.0	1.0	1.0	1.0	1.0
1.0	1.0	1.0	1.0	1.0	1.0	1.0	1.0	1.0	1.0
1.0	1.0	1.0	1.0	1.0	1.0	1.0	1.0	1.0	1.0
1.0	1.0	1.0	1.0	1.0	1.0	1.0	1.0	1.0	1.0
1.0	1.0	1.0	1.0	1.0	1.0	1.0	1.0	1.0	1.0
1.0	1.0	1.0	1.0	1.0	1.0	1.0	1.0	1.0	1.0
1.0	1.0	1.0	1.0	1.0	1.0	1.0	1.0	1.0	1.0
1.0	1.0	1.0	1.0	1.0	1.0	1.0	1.0	1.0	1.0
1.0	1.0	1.0	1.0	1.0	1.0	1.0	1.0	1.0	1.0
1.0	1.0	1.0	1.0	1.0	1.0	1.0	1.0	1.0	1.0
1.0	1.0	1.0	1.0	1.0	1.0	1.0	1.0	1.0	1.0
1.0	1.0	1.0	1.0	1.0	1.0	1.0	1.0	1.0	1.0
1.0	1.0	1.0	1.0	1.0	1.0	1.0	1.0	1.0	1.0
1.0	1.0	1.0	1.0	1.0	1.0	1.0	1.0	1.0	1.0
1.0	1.0	1.0	1.0	1.0	1.0	1.0	1.0	1.0	1.0
1.0	1.0	1.0	1.0	1.0	1.0	1.0	1.0	1.0	1.0
1.0	1.0	1.0	1.0	1.0	1.0	1.0	1.0	1.0	1.0
1.0	1.0	1.0	1.0	1.0	1.0	1.0	1.0	1.0	1.0
1.0	1.0	1.0	1.0	1.0	1.0	1.0	1.0	1.0	1.0
1.0	1.0	1.0	1.0	1.0	1.0	1.0	1.0	1.0	1.0
1.0	1.0	1.0	1.0	1.0	1.0	1.0	1.0	1.0	1.0
1.0	1.0	1.0	1.0	1.0	1.0	1.0	1.0	1.0	1.0
1.0	1.0	1.0	1.0	1.0	1.0	1.0	1.0	1.0	1.0
1.0	1.0	1.0	1.0	1.0	1.0	1.0	1.0	1.0	1.0
1.0	1.0	1.0	1.0	1.0	1.0	1.0	1.0	1.0	1.0
1.0	1.0	1.0	1.0	1.0	1.0	1.0	1.0	1.0	1.0
1.0	1.0	1.0	1.0	1.0	1.0	1.0	1.0	1.0	1.0
1.0	1.0	1.0	1.0	1.0	1.0	1.0	1.0	1.0	1.0
1.0	1.0	1.0	1.0	1.0	1.0	1.0	1.0	1.0	1.0
1.0	1.0	1.0	1.0	1.0	1.0	1.0	1.0	1.0	1.0
1.0	1.0	1.0	1.0	1.0	1.0	1.0	1.0	1.0	1.0
1.0	1.0	1.0	1.0	1.0	1.0	1.0	1.0	1.0	1.0
1.0	1.0	1.0	1.0	1.0	1.0	1.0	1.0	1.0	1.0
1.0	1.0	1.0	1.0	1.0	1.0	1.0	1.0	1.0	1.0
1.0	1.0	1.0	1.0	1.0	1.0	1.0	1.0	1.0	1.0
1.0	1.0	1.0	1.0	1.0	1.0	1.0	1.0	1.0	1.0
1.0	1.0	1.0	1.0	1.0	1.0	1.0	1.0	1.0	1.0
1.0	1.0	1.0	1.0	1.0	1.0	1.0	1.0	1.0	1.0
1.0	1.0	1.0	1.0	1.0	1.0	1.0	1.0	1.0	1.0
1.0	1.0	1.0	1.0	1.0	1.0	1.0	1.0	1.0	1.0
1.0	1.0	1.0	1.0	1.0	1.0	1.0	1.0	1.0	1.0
1.0	1.0	1.0	1.0	1.0	1.0	1.0	1.0	1.0	1.0
1.0	1.0	1.0	1.0	1.0	1.0	1.0	1.0	1.0	1.0
1.0	1.0	1.0	1.0	1.0	1.0	1.0	1.0	1.0	1.0
1.0	1.0	1.0	1.0	1.0	1.0	1.0	1.0	1.0	1.0
1.0	1.0	1.0	1.0	1.0	1.0	1.0	1.0	1.0	1.0
1.0	1.0	1.0	1.0	1.0	1.0	1.0	1.0	1.0	1.0
1.0	1.0	1.0	1.0	1.0	1.0	1.0	1.0	1.0	1.0
1.0	1.0	1.0	1.0	1.0	1.0	1.0	1.0	1.0	1.0
1.0	1.0	1.0	1.0	1.0	1.0	1.0	1.0	1.0	1.0
1.0	1.0	1.0	1.0	1.0	1.0	1.0	1.0	1.0	1.0
1.0	1.0	1.0	1.0	1.0	1.0	1.0	1.0	1.0	1.0
1.0	1.0	1.0	1.0	1.0	1.0	1.0	1.0	1.0	1.0
1.0	1.0	1.0	1.0	1.0	1.0	1.0	1.0	1.0	1.0
1.0	1.0	1.0	1.0	1.0	1.0	1.0	1.0	1.0	1.0
1.0	1.0	1.0	1.0	1.0	1.0	1.0	1.0	1.0	1.0
1.0	1.0	1.0	1.0	1.0	1.0	1.0	1.0	1.0	1.0
1.0	1.0	1.0	1.0	1.0	1.0	1.0	1.0	1.0	1.0
1.0	1.0	1.0	1.0	1.0	1.0	1.0	1.0	1.0	1.0
1.0	1.0	1.0	1.0	1.0	1.0	1.0	1.0	1.0	1.0
1.0	1.0	1.0	1.0	1.0	1.0	1.0	1.0	1.0	1.0
1.0	1.0	1.0	1.0	1.0	1.0	1.0	1.0	1.0	1.0
1.0	1.0	1.0	1.0	1.0	1.0	1.0	1.0	1.0	1.0
1.0	1.0	1.0	1.0	1.0	1.0	1.0	1.0	1.0	1.0
1.0	1.0	1.0	1.0	1.0	1.0	1.0	1.0	1.0	1.0
1.0	1.0	1.0	1.0	1.0	1.0	1.0	1.0	1.0	1.0
1.0	1.0	1.0	1.0	1.0	1.0	1.0	1.0	1.0	1.0
1.0	1.0	1.0	1.0	1.0	1.0	1.0	1.0	1.0	1.0
1.0	1.0	1.0	1.0	1.0	1.0	1.0	1.0	1.0	1.0
1.0	1.0	1.0	1.0	1.0	1.0	1.0	1.0	1.0	1.0
1.0	1.0	1.0	1.0	1.0	1.0	1.0	1.0	1.0	1.0
1.0	1.0	1.0	1.0	1.0	1.0	1.0	1.0	1.0	1.0
1.0	1.0	1.0	1.0	1.0	1.0	1.0	1.0	1.0	1.0
1.0	1.0	1.0	1.0	1.0	1.0	1.0	1.0	1.0	1.0
1.0	1.0	1.0	1.0	1.0	1.0	1.0	1.0	1.0	1.0
1.0	1.0	1.0	1.0	1.0	1.0	1.0	1.0	1.0	1.0
1.0	1.0	1.0	1.0	1.0	1.0	1.0	1.0	1.0	1.0
1.0	1.0	1.0	1.0	1.0	1.0	1.0	1.0	1.0	1.0
1.0	1.0	1.0	1.0	1.0	1.0	1.0	1.0	1.0	1.0
1.0	1.0	1.0	1.0	1.0	1.0	1.0	1.0	1.0	1.0
1.0	1.0	1.0	1.0	1.0	1.0	1.0	1.0	1.0	1.0
1.0	1.0	1.0	1.0	1.0	1.0	1.0	1.0	1.0	1.0
1.0	1.0	1.0	1.0	1.0	1.0	1.0	1.0	1.0	1.0
1.0	1.0	1.0	1.0	1.0	1.0	1.0	1.0	1.0	1.0
1.0	1.0	1.0	1.0	1.0	1.0	1.0	1.0	1.0	1.0
1.0	1.0	1.0	1.0	1.0	1.0	1.0	1.0	1.0	1.0
1.0	1.0	1.0	1.0	1.0	1.0	1.0	1.0	1.0	1.0
1.0	1.0	1.0	1.0	1.0	1.0	1.0	1.0	1.0	1.0
1.0	1.0	1.0	1.0	1.0	1.0	1.0	1.0	1.0	1.0
1.0	1.0	1.0	1.0	1.0	1.0	1.0	1.0	1.0	1.0
1.0	1.0	1.0	1.0	1.0	1.0	1.0	1.0	1.0	1.0
1.0	1.0	1.0	1.0	1.0	1.0	1.0	1.0	1.0	1.0
1.0	1.0	1.0	1.0	1.0	1.0	1.0	1.0	1.0	1.0
1.0	1.0	1.0	1.0	1.0	1.0	1.0	1.0	1.0	1.0
1.0	1.0	1.0	1.0	1.0	1.0	1.0	1.0	1.0	1.0
1.0	1.0	1.0	1.0	1.0	1.0	1.0	1.0	1.0	1.0
1.0	1.0	1.0	1.0	1.0	1.0	1.0	1.0	1.0	1.0
1.0	1.0	1.0	1.0	1.0	1.0	1.0	1.0	1.0	1.0
1.0	1.0	1.0	1.0	1.0	1.0	1.0	1.0	1.0	1.0
1.0	1.0	1.0	1.0	1.0	1.0	1.0	1.0	1.0	1.0
1.0	1.0	1.0	1.0	1.0	1.0	1.0	1.0	1.0	1.0
1.0	1.0	1.0	1.0	1.0	1.0	1.0	1.0	1.0	1.0
1.0	1.0	1.0	1.0	1.0	1.0	1.0	1.0	1.0	1.0
1.0	1.0	1.0	1.0	1.0	1.0	1.0	1.0	1.0	1.0
1.0	1.0	1.0	1.0	1.0	1.0	1.0	1.0	1.0	1.0
1.0	1.0	1.0	1.0	1.0	1.0	1.0	1.0	1.0	1.0
1.0	1.0	1.0	1.0	1.0	1.0	1.0	1.0	1.0	1.0
1.0	1.0	1.0	1.0	1.0	1.0	1.0	1.0	1.0	1.0
1.0	1.0	1.0	1.0	1.0	1.0	1.0	1.0	1.0	1.0
1.0	1.0	1.0	1.0	1.0	1.0	1.0	1.0	1.0	1.0
1.0	1.0	1.0	1.0	1.0	1.0	1.0	1.0	1.0	1.0
1.0	1.0	1.0	1.0	1.0	1.0	1.0	1.0	1.0	1.0
1.0	1.0	1.0	1.0	1.0	1.0	1.0	1.0	1.0	1.0
1.0	1.0	1.0	1.0	1.0	1.0	1.0	1.0	1.0	1.0
1.0	1.0	1.0	1.0	1.0	1.0	1.0	1.0	1.0	1.0
1.0	1.0	1.0	1.0	1.0	1.0	1.0	1.0	1.0	1.0
1.0	1.0	1.0	1.0	1.0	1.0	1.0	1.0	1.0	1.0
1.0	1.0	1.0	1.0	1.0	1.0	1.0	1.0	1.0	1.0
1.0	1.0	1.0	1.0	1.0	1.0	1.0	1.0	1.0	1.0
1.0	1.0	1.0	1.0	1.0	1.0	1.0	1.0	1.0	1.0
1.0	1.0	1.0	1.0	1.0	1.0	1.0	1.0	1.0	1.0
1.0	1.0	1.0	1.0	1.0	1.0	1.0	1.0	1.0	1.0
1.0	1.0	1.0	1.0	1.0	1.0	1.0	1.0	1.0	1.0
1.0	1.0	1.0	1.0	1.0	1.0	1.0	1.0	1.0	1.0
1.0	1.0	1.0	1.0	1.0	1.0	1.0	1.0	1.0	1.0
1.0	1.0	1.0	1.0	1.0	1.0	1.0	1.0	1.0	1.0
1.0	1.0	1.0	1.0	1.0	1.0	1.0	1.0	1.0	1.0
1.0	1.0	1.0	1.0	1.0	1.0	1.0	1.0	1.0	1.0
1.0	1.0	1.0	1.0	1.0	1.0	1.0	1.0	1.0	1.0
1.0	1.0	1.0	1.0	1.0	1.0	1.0	1.0	1.0	1.0
1.0	1.0	1.0	1.0	1.0	1.0	1.0	1.0	1.0	1.0
1.0	1.0	1.0	1.0	1.0	1.0	1.0	1.0	1.0	1.0
1.0	1.0	1.0	1.0	1.0	1.0	1.0	1.0	1.0	1.0
1.0	1.0	1.0	1.0	1.0	1.0	1.0	1.0	1.0	1.0
1.0	1.0	1.0	1.0	1.0	1.0	1.0	1.0	1.0	1.0
1.0	1.0	1.0	1.0	1.0	1.0	1.0	1.0	1.0	1.0
1.0	1.0	1.0	1.0	1.0	1.0	1.0	1.0	1.0	1.0
1.0	1.0	1.0	1.0	1.0	1.0	1.0	1.0	1.0	1.0
1.0	1.0	1.0	1.0	1.0	1.0	1.0	1.0	1.0	1.0
1.0	1.0	1.0	1.0	1.0	1.0	1.0	1.0	1.0	1.0
1.0	1.0	1.0	1.0	1.0	1.0	1.0	1.0	1.0	1.0
1.0	1.0	1.0	1.0	1.0	1.0	1.0	1.0	1.0	1.0
1.0	1.0	1.0	1.0	1.0	1.0	1.0	1.0	1.0	1.0
1.0	1.0	1.0	1.0	1.0	1.0	1.0	1.0	1.0	1.0
1.0	1.0	1.0	1.0	1.0	1.0	1.0	1.0	1.0	1.0
1.0	1.0	1.0	1.0	1.0	1.0	1.0	1.0	1.0	1.0
1.0	1.0	1.0	1.0	1.0	1.0	1.0	1.0	1.0	1.0
1.0	1.0	1.0	1.0	1.0	1.0	1.0	1.0	1.0	1.0
1.0	1.0	1.0	1.0	1.0	1.0	1.0	1.0	1.0	1.0
1.0	1.0	1.0	1.0	1.0	1.0	1.0	1.0	1.0	1.0
1.0	1.0	1.0	1.0	1.0	1.0	1.0	1.0	1.0	1.0
1.0	1.0	1.0	1.0	1.0	1.0	1.0	1.0	1.0	1.0
1.0	1.0	1.0	1.0	1.0	1.0	1.0	1.0	1.0	1.0
1.0	1.0	1.0	1.0	1.0	1.0	1.0	1.0	1.0	1.0
1.0	1.0	1.0	1.0	1.0	1.0	1.0	1.0	1.0	1.0
1.0	1.0	1.0	1.0	1.0	1.0	1.0	1.0	1.0	1.0
1.0	1.0	1.0	1.0	1.0	1.0	1.0	1.0	1.0	1.0
1.0	1.0	1.0	1.0	1.0	1.0	1.0	1.0	1.0	1.0
